@user1,100,"Great content!",1619242800
@user2,500,"Keep up the good work",1619243000
@user3,250,"Interesting posts",1619243200
@user4,1000,"Love your updates",1619243400
@user5,750,"Looking forward to more",1619243600
@user6,300,"Impressive work!",1619243800
@user7,200,"Keep inspiring!",1619244000
@user8,600,"Always informative",1619244200
@user9,150,"Enjoying your content",1619244400
@user10,800,"Can't wait for next post",1619244600
@user11,400,"Fantastic content!",1619244800
@user12,2000,"Amazing insights",1619245000
@user13,900,"Your posts are awesome",1619245200
@user14,1200,"Always learning from you",1619245400
@user15,350,"Inspiring stuff!",1619245600
@user16,1800,"Thank you for sharing",1619245800
@user17,950,"Impressed by your work",1619246000
@user18,600,"Great job!",1619246200
@user19,400,"Keep it up!",1619246400
@user20,700,"Love your perspective",1619246600
@user21,300,"Your posts are insightful",1619246800
@user22,1100,"Always on point",1619247000
@user23,850,"Your content is valuable",1619247200
@user24,1300,"Enjoying your updates",1619247400
@user25,400,"Great insights!",1619247600
@user26,1600,"Keep inspiring us",1619247800
@user27,750,"Your posts are helpful",1619248000
@user28,500,"Impressed by your knowledge",1619248200
@user29,200,"Looking forward to more",1619248400
@user30,1000,"Love your perspective",1619248600
@user31,850,"Your posts are insightful",1619248800
@user32,400,"Always on point",1619249000
@user33,600,"Your content is valuable",1619249200
@user34,1300,"Enjoying your updates",1619249400
@user35,400,"Great insights!",1619249600
@user36,1600,"Keep inspiring us",1619249800
@user37,750,"Your posts are helpful",1619250000
@user38,500,"Impressed by your knowledge",1619250200
@user39,200,"Looking forward to more",1619250400
@user40,1000,"Love your perspective",1619250600
@user41,850,"Your posts are insightful",1619250800
@user42,400,"Always on point",1619251000
@user43,600,"Your content is valuable",1619251200
@user44,1300,"Enjoying your updates",1619251400
@user45,400,"Great insights!",1619251600
@adafaf,123,aaaaaaaaaaaaaaaaaa,1712526615
